assertion_id	source_assertion_registration_id	relationship_class	assertion_type	producer_family
ar_005caf8d47105c7aa4040d5c4b4702b9ca802578eb0184b254a03110e834b808	8abe8b5f2892db328fd47d3c043f25c18dffcdd2c273be5e3f07f462552cf384	variant_interpretation	variant_interpretation	VAP
ar_00c8309ee53ea82e7b3a6c8036dbc26d50d4c91d6c392ba279d98acced5c51d9	8a80ff3f4bc4e0df615180dee8d89789a952920a6f073a84767397279a53fbcf	source_gene_relationship	source_gene_relationship	GSC
ar_00fc74c5985776c0c8c3299612570496a09a5ba5244734786b1fcce12cb6efc3	fb7e1ce6bf67cccc2d48a8fb0962096858df4a6d11507b9ecfa8fc6357a82bc1	candidate_routing	candidate_routing	VAP
ar_01023d694b99a14728d9d5686f5d87ca6ee8c55125dcdda3c6565f9df0ef1ecf	ccf2ed6fb745d3fff803b9444dd0ff1c8fa50d967a96c2de374930daca25a430	phenotype_gene_semantic_prior	phenotype_gene_semantic_prior	GSC
ar_05b6316bc05adf9b3126193beb3dc4b41a1a0fa106db129efceda03fc7270d79	ddb279b548eadce8eebbf2e3d71fcd1c6e76e0d90377aa0d3e2946a384d3128b	producer_contract_validation	producer_contract_validation	GSC
ar_12b6cbf81b63f52c0bcf2954a95e3c4c95f054854abb77470414400892fd3b85	480a2121b7f0425e9783e5d30deca8c3cf913f8d39d5d5b636aae97322d50340	candidate_routing	candidate_routing	VAP
ar_1d7539bae96135844166460fb7cc0f9cf9e7000497d7e4d464cdbceb5e79bd0a	bd6c6d863d00622fb1cb92aa2cd4e90988295661e2217431ba04ea63dd3cbfa7	variant_normalization	variant_normalization	VAP
ar_1e4ecc84be39c84c56b34460cb6e2e285dc9721d46e3190982516c7f2dc58972	c4be66409992e0fa3cd72efed3f5e6e22103d239021a2e9758ddb376af14a469	candidate_routing	candidate_routing	VAP
ar_266e6354494ac1939729ddeb49e0676454acd6f9098fdd904ebb84deb006da13	b0bc75522990d62ae916320c1e5183a8c3f8e37839de9316be52f46601fadf26	phenotype_gene_provenance	phenotype_gene_provenance	GSC
ar_272c698ccec0014deca9b74e6cf1f31aaf2b651103e636ba8ce2f40a3ee37029	e53214585a2e995f5692e9132c95162536357e2eb6e6eaabaeee19cbe195dc9f	candidate_routing	candidate_routing	VAP
ar_2c4dff52c01cd28bafd38cf40d1283437093a2aabcd798ef98d5971be301562c	9208504e5cea72e6437b7f4dd060ac98dde18d374ea3cceea000a586e5f262a8	source_gene_relationship	source_gene_relationship	GSC
ar_2f4d4171bc1f184e8ab1ebfa1cdab056f204dddad8984c46b906d495690c2a83	af22359ce68d20552803c94fc66ec8e471fbb4046809ef96cdb5ad874cc19ac5	candidate_routing	candidate_routing	VAP
ar_30ed312ad799bd4af7e7e44102312c640b4cf86f452da28afc2f7b596e9ec9aa	b2b02a4f001b7762b98e2c6d5df20c939f2d830298e399a29833acbd999dca8b	variant_prioritization	variant_prioritization	VAP
ar_3664b859033acdddc0a78213516582dc0ff31251efedd753ebbe0cce05b8d232	b3a16309ebb767d227d7b1933e342022128b941138ee5da64966a7c4a99a8b9a	candidate_routing	candidate_routing	VAP
ar_3f83961510d57e83aaa24ca815526ac409b6f99f99a9200010aca2d0ea0f6151	a11f588287e2858eb96a94ec52f24159e174354de67452664c87e718cb6c89b6	phenotype_gene_semantic_prior	phenotype_gene_semantic_prior	GSC
ar_4428bcf1b2766bcaaab80dc8230999e70300d5b16e3002c1b2415d932cbb3349	c8c94902a880f0643e37a2a83e8923087788d8d778e333dfc96d50764e6693ce	aggregation_support	aggregation_support	GSC
ar_495f82e875b3e1e8dc2caa922bca0b272daa4c242d7a62aae15616509ca31d68	94e40ee00afb8be6a1702749b9e2738bbc89d0aeccded46847d46bd0dcdc0047	variant_normalization	variant_normalization	VAP
ar_4a4cc3cb97be1d05a8eff9bac8e9de86b2facf5e755923ad20eac2c503b04ccb	49c9bc64aa004d5dcf1757674b34ed962dc8afdf628929728efd61c732cd513e	producer_validation	validation	VAP
ar_4b9cbd2119119255ce053ae1410b87bb7529c784af31c9aee23fb8017df81238	d0c5ccde678cbdcfa7a39085d2e8e4788c5fdb5b9f6fbc1ff575442b89fb1d8d	variant_prioritization	variant_prioritization	VAP
ar_55cfadc6a1f7e794f68bc9c54f74d0891ae57cd3dc30726560af5c065ef420b1	d58ae26a52488ede227913d547926c3318cea18b2b97af634e0a8952f4c6f30d	variant_observation	variant_observation	VAP
ar_5a034bc58fa4220b712c8054fe7b7c541004ab6bce64b6ab524df990a81b9ec1	db79fd9ab352ac21016cc8ea60dbd3cdedd46c704609368fb0cd79ecd3094efb	variant_interpretation	variant_interpretation	VAP
ar_5f506986f6fe4b18d42ff53ed01761f79ac2e3dad4f7f52e42d86e591bc2c0f7	70858da6ffb936e7c901c981570ea14fb7cc9221ee001c58ecd058099bc5a0db	variant_interpretation	variant_interpretation	VAP
ar_6a395fa20c2fc96f01a41ba134561b5a1c68133a9fcd31797a935661fc27e665	e684af977a956c32cf4c806f581712618591bd137df7d892059a6ad8e9da8216	variant_normalization	variant_normalization	VAP
ar_6add977aefe38ac43fe9b5beb4279d798a1bc0d2bf16eaba7d7ed82c78ec75a2	e2e218bf501ee115a7fe83b1b41dac94268155d5c59a5ab018fb593b20dbdb60	candidate_routing	candidate_routing	VAP
ar_76b9749c5d00ec7beb1ce39b01b00a8f5dd3195bb1d40178e62713beb752f388	43eecf1345d2adfb6cb05920b7a4f9e3a84751ac7117f093c6a07e8b4831716e	producer_source_contribution_topology	source_contribution_topology	GSC
ar_884ce3361bee7b2641855401190c77690b5aecad7d9ac797174593cb84d73a03	6e64f0af7158409348f67a1cbcf62a4545f16a8035703854faa252123744b7e0	variant_interpretation	variant_interpretation	VAP
ar_92396a374befe7c3f958ad911a6214334345e0b853a116a449e590045f04716f	c92eb1c57955adeea0855953fa874b3c2fcd663d8f6e387a34e4ddc31bce24e8	candidate_routing	candidate_routing	VAP
ar_a1f3bea235122e2443b0095c6c88e1987ce9d856ff5663c6777e71be7e5f1349	d25d9eb852c7e8087b71c4c7288037f771a1ff314538ac287ad1980f3840327f	variant_normalization	variant_normalization	VAP
ar_a35f7ca0d2c3bbc35ad21883eaf100979c4d9309ffe84de1a01c837895381e8f	475b6c6ca95cf3e004b382164ddacf9186cf826c95ecdf43406f9c001343964c	variant_prioritization	variant_prioritization	VAP
ar_a74d9cf823c5deadeacd8476fae2f325d3c9d7e6861a56fc5dd09007d5927723	e92e7b8de248ac248b3193c4e2de8530631fd211d632b7c238159fcda9e96668	variant_interpretation	variant_interpretation	VAP
ar_a9eb6e533c78ede618f6615e2d585315bc156d0950bc27ae24945de8f3a34b3b	7ee7c115dcba52970b553273765799cd6bfc33a5a24e4b84e4a9149b5af4fa13	candidate_routing	candidate_routing	VAP
ar_b0fd3e7e6bb37d97f7629cbb0dd031b3bb12adfa910496b94ac2ddafa5c3d13b	49314e9337d60b387b0dab55f4fbaea10bde2a480632139fc89e1e88834cb4b3	variant_normalization	variant_normalization	VAP
ar_b1eae61a4cfaac1314915987e13aabb44ad26e5e6bbbb0c30b978fffd5c49a89	550655acd592399532576b4a11550e944b718b143a480c316eea2a5762317a7a	phenotype_gene_provenance	phenotype_gene_provenance	GSC
ar_b7757290bd7b38e32710643d16ad2d3004e2d89a716200952186a0dd3e0fa198	3bdefa41efc2b128a0bab30d8425e2ce67b56e09887d226207d258196f4c239d	variant_interpretation	variant_interpretation	VAP
ar_b7b06ffb4f86388b850fc87ad681f2028771e8e216f407a5d3a195830d39f5f3	f6ceb91c3307a0a84290cc2585c9e0b1cdc82f435e4eaff192b5c598ed445946	producer_source_contribution_topology	source_contribution_topology	GSC
ar_c0d841f629c817575d6c1c864c1c0ee2519300fe278390660127b2f8a8966caf	b319c81db89a5d4ea4f7bc450527f1ea74c058bd11174665a30872f41c457b75	variant_observation	variant_observation	VAP
ar_c2651bd4ac55176bf518bd911c740b8fcb46e1f6c11b23e894f16c2dcd7c526d	0958865944cfc4551a2a9d70cf8587a80761d10f60feaa9317c43dba3899bff3	aggregation_support	aggregation_support	GSC
ar_c53698934cce02719df0f674c9dccfc22b9d5c7f308082713f8fbfab5bd31c7f	86f00ad2329fbc02990afa47fd3806a01ab182cd7b16e29cb5a2eb5d46ad5fe6	variant_normalization	variant_normalization	VAP
ar_c63b14c4b7575036440ac7af8e08fc22388c9e4290cbbcf2b8dcccb1f9452de8	1b0b1db7115e2d15932fbd31d8d244cf3666fd0aba1e37db60033b09383ba602	producer_contract_validation	producer_contract_validation	GSC
ar_c915daffa16f084c26236a1da0942e68a6f6a6b638f7f4722625ab3d472a8353	41477a08c4122f0577663bd1f9960a7b10a5737fc0467fff3faee3269faed1f3	variant_interpretation	variant_interpretation	VAP
ar_cbd3e38ed96d2c46e9aa0c9ef5405c31fbb27c2af9075268be2c3ff78787fe19	5930a5267626ae712f74c50433eba47daf2f83b81675f9805150fb90c61ef3dc	variant_observation	variant_observation	VAP
ar_cbf12ec6a12eb2b299b95f205deb5d22bfcdf06072e6c6a2f97a722a64ffcedc	1abb4d7ce65e4cf6f1bfaf0597d6874c7f2e1881bd9ea0f6842be5b6f90129d0	variant_normalization	variant_normalization	VAP
ar_ce5d95d28470ed056afcb8944130307bdb1465d1457f4d1cea0ab653a74c3e98	ff69f82548a53438b765e820b88fbbff611ba0a231499ff2d0014ffbbd5de14c	variant_prioritization	variant_prioritization	VAP
ar_e06553097cd6e48f9e81d0f4d369960d0fb776c4a77b2207df990475628d10d3	a4ce5c1bb4fd316533fe8729f0c0bac7b8cfb570b76ef93f22fd714c93dc6775	producer_validation	validation	VAP
ar_e1588489412735edc70d5e2d3c6f31f136571c49fc368a13f73af55631a23ea9	e3d41e96f669bb5f94bec232c344504d9d110df37c14fc0d3f4416a1e5cabf34	variant_observation	variant_observation	VAP
ar_ecfcdef501b807dfe3517e3ebd0304d7a3921907155572b27d7fb22028c5fe5a	f75e9be2d136e2cef23114fc55736d8313025b0dba3cc8b6dfd83e96a226ff6d	candidate_routing	candidate_routing	VAP
ar_f2dadaa1fa45fae094cbedf90ad8df88cf5b494756e412dfb1c2e0a0591357f2	978c99e62cc4d19e2114fe047db489d242a17e1fb99592182840714d934a0dcc	candidate_routing	candidate_routing	VAP
ar_f64cb4134b38291f0ac2423be52d6e3c8a7b6a56d1fce48e9a514ec08182f8bc	58c35f979a9bd5d231eaf3d5b901b09d8a42d2f90dad8ecb1388dd3891a07b34	candidate_routing	candidate_routing	VAP
ar_f660a413440f9a43d96b4211b92d15c2a5bb682ce342be73b39982cc6342b573	8165c60c68841844dcfcb6371f6afcc38e9b0bad787ab3be49e5c281e7b9cf3e	producer_validation	validation	VAP
ar_f83d0499b1443ad19e3a1cf64763954b6b470ab85c82f3e474fcc0e3c6fc98a8	5fecbfcbefe2259a8aefebbf729bf3d5b5449032d08d40dc96d57afede0d5457	variant_interpretation	variant_interpretation	VAP
ar_fccad91cc8c6d833f77ebfef48c19f89ac4a515c7e4592a4c9a1486a8498289b	0fd2114955425d2175ce5f3753d31979f95b8da04a445a238796d26be3cbd1b4	producer_validation	validation	VAP
ar_fe242a404011f9fc256699c453053410345b009bbbd9b59856df5f9a5265c7a7	26424ec263c1efc0e86f36c7e442a629bb6437d921e72b972c5097a8fd387b25	variant_normalization	variant_normalization	VAP
